id,content,title
1496,E99 回本就卖 or 跃跃欲试？聊聊 2023 这大半年的投资,欢迎来到知行小酒馆。这是一档由有知有行出品的播客栏目，我们关注投资，更关注怎样更好地生活。在寓意着长长久久的第 99 期，小酒馆的两位重磅嘉宾返场了！雨白为大家请来了有知有行的投研组带头人永靖、对在座各位的投资了如指掌的傅老师。相信老朋友看到这两位嘉宾的名字，想必已经知道我们今天要来聊什么了。没错，我们就是要来盘点一下 2023 年过去半年多的市场。这大半年来，如果你觉得自己对A股市场已经「麻了」，看都没怎么看了，那这一期节目就是为你准备的——在这一个小时之内，你会听到过去半年多市场发生的变化，比如，今年以来，为什么默默无名的小规模基金涨得比明星基金好那么多？为什么纳斯达克指数的走势如此出乎意料？当然，这中间还会穿插这半年多我们在投资理财上的一些感悟。如果你有「回本就卖」的打算，请一定先住手，听完这期再说！要是你一直关注市场动态，这期节目里讲的你都知道，那么，我们想为你鼓掌，也想邀请你作为课代表，在评论区帮助一下还有疑问的同学。最后，如果你有长期投资的需求，非常欢迎你在有知有行 App 进一步了解「长钱账户」，这是知行小酒馆全员持有的基金投顾产品。*本期节目仅为观点分享，不作为投资建议或对未来市场的预判，敬请诸位听友独立思考、审慎参考�️ 收听地图Part 1 这大半年，市场发生的事儿都是为什么啊？01:28 A 股整体表现如何？可能和你的体感不太一样哦03:49 为什么今年以来的三波上涨——酒店、中特估、传媒，只有一小部分基金赚到钱？05:34 美股涨得为什么这么好？「有没有人管管纳斯达克啊！」08:12 某些明星基金经理到底行不行？为什么他们今年以来，一波上涨都赶不上？12:26 既然基金表现比较平淡，大家现在都买什么去了？Part 2 朋友，我懂你为什么想回本就卖，但......14:03 从感性的角度想：回本就卖一时爽，但下跌的痛苦不就白承担了吗？16:25 从理性的角度想：这笔钱下一步又该去哪儿呢？16:58 从自己的角度想：下跌时感受的痛苦是不是来自于「把本应留给自己消费的钱用来『博取』收益了」？你是不是过于随心所欲了？20:52 别灰心！大多数人都是这么一路走过来的，认识到自己为什么投得不舒服是投得舒服的开始28:47 不愧是傅老师！帮妈妈管钱的一手经验，值得学习31:14 很容易忽视的「投得不舒服」的原因：你和你的需求变了，曾经的仓位已经不合适现在的你了33:17 叮——来自小酒馆的检查清单：投资之前问自己这些问题，持有体验会更好Part 3 过去的大半年，什么变了35:50 为啥基金的实时估值看不到了？这个功能本来是有啥用来着...？专业人士是怎么用的？40:45 基金降费了！虽然没便宜很多，但也许能让整个行业做出一些有助于普通投资者赚钱的改变45:24 A 股还值得投资吗？46:51 专业人士怎么筛选信息？关键词：关注变化，而非结果（欲知靖姐具体看什么数据，敬请关注每周三下午 1 点在有知有行 App 更新的《知行黑板报》专栏）49:45 每当下跌时不妨回看一下历史，不是参考结果，而是提取规律�
1499,E30 让奇迹发生,"大家好，欢迎来到「无人知晓」，我是孟岩。好久不见。放弃计划，去做一些感兴趣、没做过或者你认为没用的事儿，保持专注和开放，也许你会有新的发现。不管是在过往的节目，还是日常生活中，我都经常对身边人说这句话。但我很少从逻辑的角度去分析为什么应该这么做，直到今年上半年，我读到了《为什么伟大不能被计划》，这本书把这三年来，甚至更长时间内，我通过工作、阅读、见不同的人所积累的心得都串了起来。转眼间，今天已经是有知有行的第三个生日了。我想借此契机，把背后的思考分享给你，并以此为第三季收尾。看到标题中的序号，细心如你，也许会有疑问：怎么突然就快进到第 30 期了？因为我想为一位朋友保留第 29 期，个中缘由未来再揭晓。我们第四季见。�️ 收听提示01:25 孟岩的年度之书从逻辑上把「放弃计划，多做一些方差大的事情，保持专注和开放，我们总会有新发现」给讲透了04:08 OKR、KPI......为什么目标无处不在？你是否也曾质疑过它有没有存在的意义？07:38 目标为什么有时候不管用？OpenAI 科学家的图片孵化实验，也许能给你答案13:18「没有人能够看清楚事物之间隐藏的相似性」可能是「越努力越吃力」的终极原因17:20✨ 闭上眼睛、发挥想象力，我们一起来试着在脑海中重构「创新的诞生经历了怎样的过程」 ✨23:22 为什么说「目标函数」无法保证我们朝着正确的方向前进？相信当你听完，孟岩说的，对照自己的行业经验，你也会有类似的体验28:03 假如你也意识到了「那些为了成功而设置的目标，反过来限制了我们」，下一步该做什么呢？28:44 获取尽可能多的信息——像「无尽的探索」里说过那样，积累关于世界的知识29:54 做方差大的事情——比战略推演更重要的是，离开已经探索过的地方，往前走31:54 本期精彩声波摘录，请往下滑一滑～38:16 如何克服对「随机性」的恐惧？42:05「允许奇迹发生，关键是要允许并不是我们最初期待的奇迹发生」51:09 孟岩如何理解名人们纷纷辍学追梦的操作？60:18 有知有行的过去也是未来奇迹的垫脚石：不再执着于最后的结果，将重心放在实践和改变上� 声波摘录� 尝试不同的事情31:54《金钱心理学》的作者摩根·侯赛尔写到：很多人不知道什么样的消费能够让他们感到快乐。你应该买什么？去哪旅行？应该存多少钱？这些问题没有一个固定的标准答案，因为每个人都不同。人们往往按照社会的说法形式，比如说买最贵的东西，似乎它就代表了最快乐。但其实每个人都不一样。比如说，对于某些人来说，旅行是他们的选择；而对于其他人来说，离开家就让他们感到无法忍受。对于一些人来说，高级餐厅是他们的挚爱；而其他人则不在乎，比如便宜的披萨就非常好。一些人认为购买头等舱的机票几乎是一种骗局，那也有人认为飞行体验是无比重要的事情。你看，没有任何一个指南能够告诉你什么会快乐，你必须尝试无数不同的事情，才能够找出适合你自己的东西。熟悉我的朋友知道，我经常推荐一本有关网球的书，这本书叫做 The Inner Game of Tennis，中文名是《身心合一的奇迹力量》。在这本书里，作者建议我们可以突破一下对自己的定义和限制。比如说，如果我认为自己在场上是一个进攻型的球员，他说：你可以试一试，在一场比赛里面去专注于防守、不去进攻；如果你被大家认为防守很棒，不妨给自己一个机会，试试看全力进攻是什么样的感觉。他说的这些尝试，或者用我的话说，就是这些偏离均值的方差大的事情，可能会给你打开新的大门。创投机构 Andreessen Horowitz（A16Z）的重要成员之一，也是一个投资人，Chris Dixon*。他曾经写过一篇我很喜欢的文章叫做 Climbing the Wrong Hill（直译：攀爬错误的山）。在这篇文章里面，他把我们的职业选择比喻成计算机科学里面的一个经典问题，叫做爬山问题。如果条件允许的话，你依然可以闭上眼睛，我们想象一下，我们被随机放在一个有很多大大小小的山峰的山谷里，你最终的目标是到达这些山峰里面最高的那一座。好了，但是限制来了，因为雾气笼罩，你只能看到周围的几米的距离。假如我们从飞机上可能能够看到最高的那一座，对吧？你的目标是攀爬到那一座上面去，但是因为雾气笼罩，你只能看到周围几米的距离。你可以想想你该怎么办。Chris Dixon 告诉我们说，最简单的算法是，在任何给定的时刻都朝着你能够走得更高的方向去迈进一步。这个就是我们前面说的围绕着目标函数在做优化。我想，我说完这个你可能就明白了，朝着能够让我走得更高的那个方向去迈出一步。这就好像是一个看似正确的目标函数。但是，就像我们前面所说，这个函数具有很大的欺骗性，如果我们恰恰好是从一个较低的深丘开始，最终我们可能就会停在那个较低山丘的顶部，而没有机会去探索那个最高的山丘的顶部了，对不对？一个稍微修改一点的版本的算法是什么呢？是给你的过程增加一些随机性，比如说，你一开始有很多的随机性，可以往各个方向去溜达。然后，随着时间的推移，这些随机性的程度会减少，这样在你开始有目的非随机地攀爬之前，你有机会在较大的山的附近徘徊，对吗？好了，那一个更好的算法是什么呢？是增加方差。比如说，将自己反复随机地放置在地形的不同部分，方差越大越好，然后开始爬山，并且关键的是在很多次尝试之后，你可以停下来看看，结合到自己收集的所有的信息，看看究竟哪座山峰是最高的那座山峰。你看我刚才引用了很多我看过的书里面相关的例子，对吧？无论是花钱、职业选择，无论是网球，这些看起来都非常遥远，而且似乎毫不相干，但我从他们的文字里面读到了相同的东西。那就是让我们的生活多一些随机性，多一些方差大的方向。就像我在前面说的这些方差大的事情，其实也是我们在收集信息的过程，我们很容易把这些事情看作是对人生的浪费。但是，我特别想说的就是，也许我们可以给自己一个机会，让我们能够放下。就像我前面的那个比喻，如果我们把人生比喻成一个大房子的话，在这个大房子里面，我们不知道会发生什么，我们不知道哪些垫脚石会带来有趣的结果，我们不知道现在看起来直奔目标的这条路最终是不是死路，我们也无法知道那些看似浪费时间的事情，是不是在积累更多的信息。前一段我读了巴菲特的儿子彼得·巴菲特的一本书，这本书叫做 Life is What You Make It，他在书里说了这样的一句话：不是所有的游荡都意味着迷失。人生是旷野，不是所有的游荡都意味着迷失。� 找到万物之间的联系51:53 彼得·巴菲特在他的那本书里面，讲了这样的一个小故事，他当时非常想去非洲做慈善，同时又不愿意放弃自己音乐的事业，所以求助于自己的父亲，也就是沃伦·巴菲特。他的父亲告诉他说：孩子，你去吧，你只是现在还无法看到这两件事情之间的联系。长话短说，彼得后来去了非洲，也恰恰就是因为他在非洲的那些非常让他有冲动的经历，他创作出了一些非常棒的音乐，这些音乐又极大地改变了它后来的音乐事业。他在书里面回忆说：当我和父亲聊天的时候，我的父亲经常会毫无征兆地转向一些看起来毫不相关的问题。很多时候，这些转换都会令我困惑，但通常很长时间以后，你会发现这种切换完全符合逻辑。我的父亲只是找到了事物之间别人还没有察觉到的那些关联。也就是，如我们前面所说，巴菲特只是找到了事物特征之间隐藏的相似性。但我必须要说，这些积累是需要时间的，时间是非常珍贵的宝藏。就像 Chris Dixon 说的登山问题一样，你不能只随便攀爬过一两个山峰，就期待着看到所有事物之间隐藏的那些联系，或者说就能总结出一些什么样的规律。今年上半年，我还看过另外一本我很喜欢的书，雅诗兰黛的创始人的儿子，莱纳德·兰黛的自传《成为雅诗兰黛》。在书里面，其实他写到了在进入雅诗兰黛工作之前，在毕业之后，他其实有过很长一段时间的自我放逐。但正是在很长时间之后，当他回到了雅诗兰黛以后，他才能看到这些经历里面他学到的那些东西是怎么塑造了新的雅诗兰黛。比如说，大家都知道雅诗兰黛和其他的化妆品的品牌非常不一样的一点是，他们经常去收购，甚至打造出一个假想敌，比如说，倩碧。还有，雅诗兰黛会打造出自己的品牌矩阵。在自传里面，莱纳德说这样的想法其实得益于他在海军里面的经历，他在海军服役的时候，他发现航空母舰的周围必须有护卫舰或者其他各种各样的舰艇，它们一起组成一个巨阵，彼此保护，这样的话其实更加安全。他找到的是航空母舰的舰群与品牌矩阵之间隐藏的相似性，在漫长的时间积累之后，被莱纳德看到，他把它运用到了雅诗兰黛之中，也把雅诗兰黛打造成了一个和其他的化妆品公司都非常不一样的一个公司。另外一个我给朋友们经常举的例子是贺炜，贺炜是被誉为足球诗人，或者说解说诗人。在去年的卡塔尔世界杯上，他的很多解说广为流传，大家有兴趣的话可以去搜一搜，我觉得确实非常好。我已经不记得在哪儿看过一个贺炜的访谈，他说：他的解说风格往往跟自己在一段时间内的兴趣和热情有关。最近几年，他的兴趣在音乐上，他花了很多的时间听或者研究各种各样风格的音乐。所以，我们在他挥别德国队的解说里面听到了这样的一段话，我来念一下。他说：德国的球迷一直希望他们传统意义上的中锋能够存在，德国足球能够踢出像贝多芬的音乐一样强烈而激情的不朽咆哮，但是德国队没有做到这一点。连续两届世界杯，他们踢出来的像是瓦格纳的歌剧《尼伯隆根的指环》，人们想起了当中著名的乐章《诸神的黄昏》。你看这段解说里面其实都是跟贺炜在一段时间内的兴趣和他钻研的东西是有关的。所以，无论是汽车图片，无论是 iPhone、Tesla、雅诗兰黛，还是贺炜的解说，你会发现总有一些微妙的时刻，人类的能力会跨过一条无形的界限，就像跨过物理世界里面的那些冒险家们去推开新世界的大门一样，让那些令人振奋的新的可能性突然出现在了人们的眼前。即便是我刚才讲的贺炜用歌剧的方式去解说足球一样，可能之前没有人这么做过，但是当他做了之后，大家发现好棒，这种可能性来到了我们的面前。当然，只有那些非常敏锐、非常细心的人才能够注意到这些微妙的变化，他们才能够把这些所有的东西去组合到一起。因此，我才经常说，任何偶然的这种发现的背后，总是站着一个收集了各种各样信息的人。比如说贺炜，他收集了关于足球、关于音乐、关于其他的更多事物。同时，他需要心态开放、勇气巨大，他敢于把那些大家认为不存在的东西去摆到大家面前。当然，这个过程还需要时间，需要耐心，需要开放，需要勇气，同时某种程度上我觉得也需要放下一些执着。我想说的「放下执着」的意思就是，就像那个图片孵化器的网站一样，基于多样性、兴趣的这些探索注定是要失败的，但是，另外一些则可能带来非常有价值的发现，而整个系统都会同时从不同的路径和尝试中受益。有时候我经常会跟大家说：每个创业公司其实就是像在一个整个经济的环境中去试错一样，你从漫长的时间来看，这些凭着自己的热情、兴趣、特长去探索的创业公司，或者说每一个个体的试错都有可能是失败的，甚至 97% 以上的创业公司都会死掉。但是，整个经济系统会因为他们在向着不同的方向、朝着不同的目标去探索。整个经济会因为这样的方式而受益。你会发现，当所有的系统中的那些个体在试错的时候，那些看起来有趣或者说有前途的方法就会称为通向成功的垫脚石。当然，这个垫脚石可能未必是给自己的，大概率是给别人的，那其他人可能在这样的基础上去继续探索和发现。所以，你可能就明白我刚才说的那个放下执着是一个什么意思了。前两天，我看了一个视频，写着《生活大爆炸》里面的这样一句话：不是所有人都能获得世俗意义上的成功或者功成名就，大部分人注定需要在日常生活的点点滴滴中去寻找意义。所以，我觉得也许我们都需要允许我们是未来那些伟大发现和突破的垫脚石，同时我们也需要知道我们的过去也是我们自己未来奇迹的垫脚石。也许这期播客上线的时间会是 8月 8 号。8月 8 号是有知有行三周岁的生日。三年前在发布「有知有行」的那一天，我在公众号的那篇文章《你好，有知有行》，写下过这样的一段话：这是我当时写下的话。我现在回看，还是挺骄傲的。三年的时间，有知有行已经变成了我当时完全没有办法去想象的样子。我们经历了各种各样的事情，但我和我的伙伴的很多实践，无论是在过去五年的时间里，还是在有知有行过去三年的时间里，我们做出的很多，比如说，四笔钱、组合跟投、长钱账户，等等。这些实践都已经变成了行业的共识，也引领了很多行业的改变。我觉得我们追寻着自己的热情和兴趣，走出了我们自己的垫脚石。我也相信就是现在的这些垫脚石会成为未来的人们，不一定是有知有行，在这条道路上去做出更伟大发现的一些垫脚石。我差不多说了一个多小时，我觉得很开心，因为我把很多萦绕在我脑海中很久的话都说了出来，事实上就是在我坐在这里面录制这期播客的过程中，我的脑海中闪现了很多画面——初三的时候，我爸爸给我买了我人生中的第一台计算机，它也让我燃起了对计算机的兴趣。 2007 年的时候， A股有一轮巨大的牛市，我妈妈当时在工商银行工作，被摊派买了基金。这些偶然性促成了我和基金投资这个行业的缘分；当我关掉我的第一家公司之后，它反而能够让我去跟随我的兴趣。我在投资的路上走得更远，或者说钻研得更深。后来，无意间我注意到了「长赢」。我和E大之间的友情和合作，甚至某种程度上引领了中国的基金投顾行业的一些发展；在这个过程中，我喜欢写字，我喜欢去录下自己的所思所想，我也没有预期它变成了长达 5 年的投资实证以及「无人知晓」这个播客。这一路走来，我跟随着随机性，跟随着自己的热情和兴趣，发现了很多我根本没有想象到的宝藏。我也相信未来，我依然会去跟随这些偶然去进入到很多的未知之地。✏️ 写在第三季的最后69:40 在这个世界上，很多「高大上」的目标，往往需要一些不容易遇见的或者说非线性的过程才能够最终达到。我们不太可能预测所有可能性和结果，我们也不太可能预测到所有中间的路径，我们也不太可能预测到唯一的正确的那条路径，特别是我们也不太可能预测到对我们的目标产生关键影响的那些事件。我们的办公室里面的墙上有两句我们大家都非常认可的话，一句是 Make Things Happen，另一句是 Gradually, Then Suddenly。其实，我觉得他们都在说这样的事情，如果我们想要去做点卓越的事情，我们需要去做一些什么。我想，首先是可以允许我们自己放弃一些对未来的计划，敢于允许自己去做一些真正感兴趣的、方差大的事情，或者说我们从来没有去做过的事情；敢于允许自己去做一些给自己生活留白或者说留更多空间的事情。然后，保持开放，保持灵活，对新的信息（信号）保持敏感。当信号发生，或者说当我们看到事物之间隐藏的那些相似性的时候，我们能够根据这些我们看到的火花进行调整。当然，在这个过程中我觉得最重要的是时间。我们需要耐心，我们需要让时间去证明我们最终能够 connect the dots。你要相信在时间的流逝中，所有的这些东西都会慢慢积累。会有那么一天，我们最终可以连点成线，我们可以看到事物之间那些明显的联系。我们能够从巨大的房间里面找到那些关键信息，能够找到那关键的一跃。我觉得人生真的很有意思，我们刻意为之努力的很多目标最终都没法实现，但如果我们遵循自己的兴趣和热情的话，有时却能够发现意想不到的惊喜或者奇迹。在我看来，这也许就是人生最有魅力的地方之一。我们每个人都是别人的垫脚石，我们自己的过去，我们自己所有的选择，也将成为我们未来的垫脚石。我还想说我非常喜欢的那句话：人生是旷野，我们可以让奇迹发生，但也许需要的是放手，是允许，不是自己原本期待的那个奇迹最终发生。好了，这就是我今天想去说的所有的东西，也希望这些东西能够对你有一点点的启发。这也是「无人知晓」第三季的最后一期。我们下一季再见。�"
1495,151 新钱配置比例有变化，这里有解读,叮咚叮咚，知行黑板报准时抵达，请查收。过往一周，我们在暴雨中迎来了A股、港股的一轮反弹，港股反弹力度比A股更大一些，毕竟港股之前被虐得更惨。上周的黑板报还介绍了一下政治局会议释放更为积极的宏观调控政策信号，目的是刺激经济复苏。市场短期的上涨表明，大家还是认同此次政策推出对经济、对市场是构成利好的。具体来看A股方面，过去一周，宽基指数呈现普涨行情。其中大盘指数表现好于中小盘指数，上证50、沪深300分别上涨 2.62%、2.12%，中证500上涨 1.37%，中证1000上涨 0.14%；价值指数好于成长指数，中证红利上涨 2.93%，创业板指上涨 1.41%。由于全市场整体上涨，全市场温度也出现了上涨，截止到本周二，最新的全市场温度是 39°。周一的时候，全市场温度到过 40°。这是等权视角计算的全市场温度，我们还计算了加权视角的全市场温度，最新数据是 35°。不论是等权视角还是加权视角来看，A股整体处于中低估的状态，不像去年的温度那么低，也没达到市场过热需要卖出的状态。说完全市场的情况，我们来看一下具体指数的情况。上图是具体指数的温度变化，跟上周二相比，除了全指医药，其他指数温度都出现了上涨。医药行业今年实惨，全指医药已经成为上述指数里今年表现最差的品种。上周黑板报我们介绍了相当多的资金在抄底医药相关的指数基金，这种行为从侧面说明了医药行业的大跌状态。其他指数里，中国互联网指数以及恒生科技指数过去一周表现最好，实际上，这两个指数从 5 月底至今，已经上涨了 20% 以上。作为丐帮子弟的一员，中概股指数在长钱账户目前已经是盈利的状态。具体我们下面会详细说一下。随着市场的反弹，我们看到，本周二长钱账户调整了「新钱买入配置比例」，具体变动如下图。如果你当下有一笔新的资金要买入，会按照最新的比例去配置。此次调整涉及几个方面：首先是降低了股票类资产的配置比例，从 65% 降低到 55%。这种变化很好理解，按照长钱账户过往的操作，会随着市场涨跌进行仓位的动态调整。市场上涨会降低新钱买入的股票仓位，当前股票类基金的配置比例是 55%，由于基金不满仓，穿透到底层资产上，股票仓位在 51% 左右。结合目前的市场位置，这个仓位水平属于进可攻退可守的状态。如果后续市场下跌，相信长钱账户会继续挑选性价比高的品种进行加仓的。将仓位降下来，留出一定的加仓空间，给具体品种的越跌越买、摊低成本提供机会。除了降低整体股票仓位之外，我们还看到，长钱账户调整了具体品种的配置结构。宽基指数里面，作为大盘指数的沪深300，长钱账户分配的比例有所提升。目前沪深300的比例和作为中小盘指数的中证500、中证1000的合计比例是差不多的。为什么会有如此调整呢？如果关注今年的黑板报文章和长钱账户的操作就能知道，今年宽基指数的发车机会主要给了沪深300，原因是随着沪深300这两年的回调，其性价比也越来越高。上面这张图显示了从 2018 年至今，沪深300相对于中证500的强弱变化。图中红色的虚线是 1，在虚线处就意味着沪深300和中证500的表现相当。我们能看到，从 2018 年年初开始，一直到 2021 年 2 月春节期间，中证500没有沪深300表现得好。这种表现并不意味着期间沪深300一直上涨，中证500一直下跌，而是二者之间的相对强弱。可能两个指数都上涨了，但沪深300涨得更多；或者两个指数都跌了，但沪深300跌得更少。2021 年春节是个分水岭：从那之后，沪深300一路回调，中证500相对于沪深300来说，开始变得强势起来。2021 年、2022 年、2023 年至今，中证500都战胜了沪深300。随着沪深300的不断调整，目前它和中证500的相对关系又回到了 1 的附近。正因如此，近期市场上关于大盘、小盘哪种风格未来会崛起的争论多了起来，很多基金经理也都发表了不同的看法。对于长钱账户而言，没有对未来的风格作出预测，它选择了沪深300、中证500指数均衡配置。如果未来某一类风格走弱，按照长钱账户的逻辑，就会逆势加仓该类风格的指数品种。除了宽基指数的结构进行了调整，我们还看到，行业主题指数的配置结构也进行了调整。以白酒等食品饮料行业为主的800消费指数不再进行配置。随着这次反弹，800消费不如其他指数的性价比高。除了800消费之外，全指医药、中证养老、全指信息、恒生科技的配置比例较为均衡，因为它们相关的医药、信息技术等行业目前整体处于估值较低的状态。长钱账户的一大特色是，不论如何调整新钱买入配置比例，如何发车加仓，都尽量保持投资风格的稳定性：以宽基指数为主，行业主题指数为辅；以大盘股为主，中小盘股为辅；价值股、成长股、平衡股均衡配置。这次调整完，我们来看一下，按照新钱买入配置比例，穿透到底层资产上，具体的配置情况。如上图所示，结合过往的长钱账户的情况，可以看到，长钱账户的投资风格是始终保持一致的。投资风格的一致性，可以有效约束大家的账户资产不会随着市场变化，发生过度漂移，让账户收益的业绩来源能更为一致。说完新钱买入配置比例的调整，我们来看一下已经持有长钱账户的用户，其资产变化情况。这次市场的小幅反弹之后，长钱账户的用户大多数都回本了。我们 App 上可以看到用户累计收益率分布，截止到 7 月 28 日，94% 的用户累计收益率 ≥0%。因为长钱账户投顾版是今年才进行推广的，相当多的用户是春节后或者 4 月份，市场行情还不错的时候进行了买入。现在回看，这两个时间段，算是今年以来的阶段高点。在那个时间阶段，万得全A的点位在 5200 点附近，长钱账户通过降低股票仓位，然后随着市场下跌慢慢加仓的操作，帮助大家在万得全A指数 5050 点附近就回本了。所以，听说很多人会选择回本就卖，你卖了吗？长钱账户已经尽力控制回撤了，如果这种浮亏程度你都很难承受的话，可能需要好好考虑一下，高波动的股票类投资是不是真的适合自己。最后，我们来看一下中概股的表现。我们完整复盘了长钱账户关于中概股的买入时点操作，会发现大家长钱账户里持有的中概股相关的指数基金，基本实现了盈利。如果对过往中国互联网或者恒生科技指数较为了解的话，就知道这个过程是多么的不容易。上面两张图展示了长钱账户示例账户从 2022 年 2 月 23 日建仓开始，买入「交银中证海外中国互联网」和「天弘恒生科技指数A」的情况。能明显看出来，长钱账户示例账户基本买到了这两只基金较低的位置区域，截止到目前是盈利的状态。由于长钱账户示例账户建仓的位置属于这两只基金较低的位置，不足以复盘整体的操作，我们来看一下跟长钱账户采用同样投资理念的「黑板报第 1 期」关于中国互联网基金的买入情况，具体见下图：「黑板报第 1 期」首次买入中国互联网基金是 2021 年 12 月 29 日，大家知道那个时候这只基金从高点下跌了多少吗？下跌了 60%。按照过往的经验，一个指数品种跌幅 60% 已经具备很高的性价比了。然而，市场的恐慌情绪仍旧阻挡不了其下跌的步伐，尽管「黑板报第 1 期」分批买入，但中国互联网跌到最惨的时候，比买入时又跌了 30% 以上。按照核心卫星的投资逻辑，中国互联网仅仅是卫星品种，即便它后来继续下跌，仍会控制其仓位，不能让它喧宾夺主成为重仓品种。好在买的整体位置很低，所以当它从底部位置反弹的时候，也会快速回本。用这个复盘的例子想跟大家说明，长钱账户对于指数品种的选择同样是有优先级的，对于行业主题指数基金这种卫星资产来说，我们在配置之前就要做好资金规划，做好承担更高风险的准备。不论是中国互联网（恒生科技），还是全指医药、全指信息、中证养老、800消费等。这种准备不只是资金层面的，还是心理层面的。这周碎碎念了很多，目的是希望趁着长钱账户有操作，让大家对它更加了解，我们下周见～本文所载内容仅供参考，不构成任何投资建议。市场有风险，投资需谨慎，投资者应独立作出判断。本文所涉基金及/或基金投顾组合相关数据来源于基金销售机构及/或基金投顾机构公开披露信息。有知有行提示您，基金及基金投顾组合的过往业绩不预示其未来表现，为其他客户创造的收益并不构成业绩表现的保证。详见《免责声明》。如转载引用，请遵守《转载声明》。
1490,150 多重利好加持，久违的上涨,叮咚叮咚，知行黑板报准时抵达，请查收。A股在经历了上周后半周的连续下跌之后，在本周二迎来了大幅度上涨，上证指数、深证成指、创业板指这三大股指在周二都录得了 2% 以上的涨幅。这种级别的上涨，已经很久没看到了。上面这张图是万得统计的，万得全A成分股本周二的涨跌分布情况，大多数个股都出现了上涨。不止A股，港股周二也出现了大幅反弹，恒生科技涨幅在 6% 以上。从资金流入情况看，不止内地投资者在买买买，北向资金周二也在大幅买入。为什么会出现如此明显的上涨呢？主要原因是这两天的 7 月政治局会议，释放了更为积极的宏观调控政策，被认为高层要大力支持经济发展。会议释放的一些超出市场预期的政策调整，带动了相关板块的活跃。例如：房地产政策方面，删去「房住不炒」，并且强调「适应我国房地产市场供求关系发生重大变化的新形势，适时调整优化房地产政策」，态度出现明显变化。房地产也成为了周二A股涨幅最大的板块。券商、保险等非银行金融行业，周二涨幅仅次于房地产，银行虽然涨幅不如券商、保险，但也排在前列。政治局会议强调「要活跃资本市场，提振投资者信心」，对地方债方面的表述调整为优化地方债务，一揽子化解地方债务问题等，以及房地产政策的调整，都对金融板块形成利好。除了地产、金融之外，消费板块周二也表现不俗，政治局会议也出台了扩大消费的具体措施。三大板块的大幅度上涨，带动了大盘指数尤其是上证50、沪深300的良好表现。相对而言，中小盘指数在此次反弹中不如大盘指数，主要原因是大幅上涨板块在这类指数中的占比较低。港股里恒生科技的反弹更为亮眼。原因是政治局会议里提到了要优化民营企业发展环境、支持平台企业规范健康发展，这对恒生科技涵盖的企业形成了利好。超预期的政策支持带来了市场的反弹，原因一方面是这些政策大概率对经济复苏、企业盈利发展构成利好，另一方面在于超乎市场预期所带来的市场信心的提振。接下来就要看政策实际落地过程中对经济、企业的影响，以及这种影响能不能继续超乎预期。接下来我们看一下全市场温度和具体指数温度情况。截止到本周二收盘后，最新的全市场温度是 37°，跟上周比有所提高。具体指数方面，大部分指数温度都出现了上涨，中国互联网是由于中美股时差问题，周二的温度还没更新，截止到周一的话，温度是下降的。除此之外，全指信息、创业板指、中证1000指数温度出现了下降。这周我们看到，基于最近一周的市场情况，长钱账户没有做任何的操作，之前买入的用户，继续持有就好。说完市场和长钱账户，我们来简单看一下基金二季报的情况。最近一周，基金密集发布了二季报，对于购买主动基金的朋友，大家可以去看看基金经理在二季报中的小作文。在基金报告的第四章「管理人报告」中，「报告期内基金的投资策略和运作分析」这一目录下，就可以看到他们二季度的投资策略和投资思考。市场情绪低迷时期，写小作文的基金经理们也越来越少了，且看且珍惜。对于指数基金投资为主的朋友，不知道你有没有发现：市场不好，但自己投资的指数基金规模却逆势上涨。这一点我们从不同类型基金二季度的基金份额变化情况，就能看出来。上面的表格里，我们汇总了不同类型基金的基金份额情况。为什么采用基金份额？是为了排除基金净值涨跌带来的基金规模变化。从表里能看出来，二季度末公募基金合计份额有 25.81 万亿。相比于一季度末，增加了将近 1.3 万亿。从具体类型来看，风险较低的货币基金、债券基金份额增长很快，贡献了主要力量。在股市不好的时候，大家的投资资金更容易流向债券市场、货币市场来避险。那是不是意味着偏股类基金都是资金净流出的状态呢？不是的。我们能看到混合型基金出现了净赎回，份额减少了 1056 亿份，混合型基金都是主动基金，这代表了基民对于主动基金的态度。与之相对应的是，股票型基金出现了净申购，这主要是被动指数型基金所贡献的。偏股类的主动基金和指数基金份额变化呈现不同的走向，不是今年才开始的，去年就有这种现象。原因既包括相当多的主动基金套牢了大量在高位入场的投资者，引发了很多人对于主动基金的质疑；也包括在市场下跌过程中，指数基金由于运作透明、费率低等特点，很适合用来当作越跌越买的工具。我们看了一下，二季度到底哪些指数品种获得了大额净申购：科创50、中证医疗、300医药、动漫游戏、生物医药、中证全指半导体、CS 创新药、中证畜牧、创业板指等指数基金二季度份额增长较高。其中科创50份额增长了 240.94 亿份，中证医疗增长了 198.81 亿份，300医药增长了 131.37 亿份。我们分别统计了中证医疗以及科创50的代表性基金，基金份额与基金净值走势的对比情况，见下图：剪刀差的走势能明显看出来，ETF 等指数基金作为工具，会被投资者用来抄底，随着基金净值大幅下跌，基金份额却快速增长。当然，从图里也能看出来，基金净值下跌需要一个过程，而越跌越买的行为也不会很快迎来基金的上涨。因此，就像我们一直强调的那样，做好资金安排，做好仓位管理。我们下周见。本文所载内容仅供参考，不构成任何投资建议。市场有风险，投资需谨慎，投资者应独立作出判断。本文所涉基金及/或基金投顾组合相关数据来源于基金销售机构及/或基金投顾机构公开披露信息。有知有行提示您，基金及基金投顾组合的过往业绩不预示其未来表现，为其他客户创造的收益并不构成业绩表现的保证。详见《免责声明》。如转载引用，请遵守《转载声明》。
1493,E98 好书就要重读！那些关于金钱的真问题，《金钱心理学》早就给出了答案,欢迎来到知行小酒馆。这是一档由有知有行出品的播客栏目，我们关注投资，更关注怎样更好地生活。今天，白羊座读书组合想邀请你，再次翻开去年咱们一起读过的摩根·侯赛尔（Morgan Housel）的《金钱心理学》。重读的感觉很奇妙了，我们发现《金钱心理学》里竟然还有这么多之前没注意到的东西。所以，在这期节目里，我们想结合自身经历，在接下来与分享这次读到的关于金钱的真相、困惑和思考，以及，探讨这次学到的新道理如何落地、去年学到的道理用得怎么样了。本来，我们以为这会是和往前一样的理财节目，但聊着聊着，我们发现这渐渐变成了一期个人成长节目。这也让我们意识到，《金钱心理学》实际上在讲的是「金钱与人的关系」，且讲得太透彻了！简直就是一本值得每隔一段时间就重读的书，因为它所唤醒的是，不仅仅是你对投资理财的思考，更是我们每个人在当下的生活中，最渴望得到答案的问题。如果说《金钱心理学》是一张分 A、B 两面的专辑。我们小酒馆的第 33 期就是 A 面，那些投资理财真相好懂又智慧。但今天这期就是 B 面，充满纠结和疑问，因为它呈现的是那些道理映射到生活中真实的样子。和市场一样，人是在不断变化的，我们每天都在面临选择。如果想最大程度避免后悔，需要我们不断追问，才能明白什么才是更好的生活。祝你收听愉快。�️ 收听地图引子00:18 为什么我们想邀请大家一起重读？嘿，其中一个原因是简体中文版出来啦！积极留言就有机会获赠《金钱心理学》哟～Part 1 新启发02:46 雨白想通了！在一次次大跌中失望的投资者面前，为什么数据、干货都显得十分苍白无力？「如果你犯错是因为你没能预测到某些意外，你得到的教训不应该是：我下次不犯这个错了，而应该是：世界很难预测」06:56 难以预测的历史面前，我们应该怎么更好地投资吗？「历史研究的主要内容是意料之外的事件，但投资者和经济学家们却经常将其看作对未来不容置疑的指南」08:55 摩根·侯赛尔的写作如此动人的秘密是什么？雨白想再次分享他如何用石油让人领悟存钱的意义、小羊想分享他如何用 NBA 球星的例子让人领悟财富的真谛13:12 摩根·侯赛尔的一句「金钱的最大内在价值是赋予你掌握自己的时间的能力」唤醒了小羊对于有没有可能不上班的困惑15:10 从宏观和微观两个角度看，我们为什么会感觉难以掌控时间、感到疲倦？20:47 怎么去应对这样局面？摩根把熟悉投资中常见的「安全边际」、「当闪电劈下来的时候你得在场」应用到了生活里Part 2 究竟如何让这些道理落地，帮助我们更好地生活呢？23:07 耳机一摘，我们如何把关于时间、自由、金钱的真理落地呢？把眼光放到自己身上，而不是小红书、抖音那些远处的同龄人身上25:46 为什么不想打工的年轻人难以迈出那一步？不仅是因为本金、资历、环境，更因为不习惯也不擅长为自己争取机会26:18 从「服从」心态到「领导」心态： 首次披露，雨白是怎么带领小酒馆全员前进的？「世界是个草台班子，当你意识到你必须要为自己的所有决策负责的时候，你的进步就会开始发生」30:17 人生不是打工 or 辞职的选择题：小羊的又一顿悟时刻，让我们看看她明年的这个时候做得怎么样吧！Part 3 一年过去了，去年学到的道理用得怎么样了？32:10 去年顿悟存钱很重要的小羊，今年知行合一了吗？好消息：存款率显著上升！坏消息：存款增速却不怎么样，甚至开始憎恨「慢慢变富」这四个字 :(35:12 开源 VS 节流，究竟哪个更重要？小酒馆总算在这期给答案了，但可能并不是你想听的那一种......38:52 去年我们提到那些普通人的理财模范，比如百万富翁清洁工、百万富翁女秘书，我们「普通人」为什么学不了？尾声40:29 再次提醒！想了解《金钱心理学》里的干货，敬请收听第 33 期或者购买纸质书，以及记得留言哟，有赠书活动�
1496,E99 回本就卖 or 跃跃欲试？聊聊 2023 这大半年的投资,欢迎来到知行小酒馆。这是一档由有知有行出品的播客栏目，我们关注投资，更关注怎样更好地生活。在寓意着长长久久的第 99 期，小酒馆的两位重磅嘉宾返场了！雨白为大家请来了有知有行的投研组带头人永靖、对在座各位的投资了如指掌的傅老师。相信老朋友看到这两位嘉宾的名字，想必已经知道我们今天要来聊什么了。没错，我们就是要来盘点一下 2023 年过去半年多的市场。这大半年来，如果你觉得自己对A股市场已经「麻了」，看都没怎么看了，那这一期节目就是为你准备的——在这一个小时之内，你会听到过去半年多市场发生的变化，比如，今年以来，为什么默默无名的小规模基金涨得比明星基金好那么多？为什么纳斯达克指数的走势如此出乎意料？当然，这中间还会穿插这半年多我们在投资理财上的一些感悟。如果你有「回本就卖」的打算，请一定先住手，听完这期再说！要是你一直关注市场动态，这期节目里讲的你都知道，那么，我们想为你鼓掌，也想邀请你作为课代表，在评论区帮助一下还有疑问的同学。最后，如果你有长期投资的需求，非常欢迎你在有知有行 App 进一步了解「长钱账户」，这是知行小酒馆全员持有的基金投顾产品。*本期节目仅为观点分享，不作为投资建议或对未来市场的预判，敬请诸位听友独立思考、审慎参考🗺️ 收听地图Part 1 这大半年，市场发生的事儿都是为什么啊？01:28 A 股整体表现如何？可能和你的体感不太一样哦03:49 为什么今年以来的三波上涨——酒店、中特估、传媒，只有一小部分基金赚到钱？05:34 美股涨得为什么这么好？「有没有人管管纳斯达克啊！」08:12 某些明星基金经理到底行不行？为什么他们今年以来，一波上涨都赶不上？12:26 既然基金表现比较平淡，大家现在都买什么去了？Part 2 朋友，我懂你为什么想回本就卖，但......14:03 从感性的角度想：回本就卖一时爽，但下跌的痛苦不就白承担了吗？16:25 从理性的角度想：这笔钱下一步又该去哪儿呢？16:58 从自己的角度想：下跌时感受的痛苦是不是来自于「把本应留给自己消费的钱用来『博取』收益了」？你是不是过于随心所欲了？20:52 别灰心！大多数人都是这么一路走过来的，认识到自己为什么投得不舒服是投得舒服的开始28:47 不愧是傅老师！帮妈妈管钱的一手经验，值得学习31:14 很容易忽视的「投得不舒服」的原因：你和你的需求变了，曾经的仓位已经不合适现在的你了33:17 叮——来自小酒馆的检查清单：投资之前问自己这些问题，持有体验会更好Part 3 过去的大半年，什么变了35:50 为啥基金的实时估值看不到了？这个功能本来是有啥用来着...？专业人士是怎么用的？40:45 基金降费了！虽然没便宜很多，但也许能让整个行业做出一些有助于普通投资者赚钱的改变45:24 A 股还值得投资吗？46:51 专业人士怎么筛选信息？关键词：关注变化，而非结果（欲知靖姐具体看什么数据，敬请关注每周三下午 1 点在有知有行 App 更新的《知行黑板报》专栏）49:45 每当下跌时不妨回看一下历史，不是参考结果，而是提取规律🔍
1499,E30 让奇迹发生,"大家好，欢迎来到「无人知晓」，我是孟岩。好久不见。放弃计划，去做一些感兴趣、没做过或者你认为没用的事儿，保持专注和开放，也许你会有新的发现。不管是在过往的节目，还是日常生活中，我都经常对身边人说这句话。但我很少从逻辑的角度去分析为什么应该这么做，直到今年上半年，我读到了《为什么伟大不能被计划》，这本书把这三年来，甚至更长时间内，我通过工作、阅读、见不同的人所积累的心得都串了起来。转眼间，今天已经是有知有行的第三个生日了。我想借此契机，把背后的思考分享给你，并以此为第三季收尾。看到标题中的序号，细心如你，也许会有疑问：怎么突然就快进到第 30 期了？因为我想为一位朋友保留第 29 期，个中缘由未来再揭晓。我们第四季见。🗺️ 收听提示01:25 孟岩的年度之书从逻辑上把「放弃计划，多做一些方差大的事情，保持专注和开放，我们总会有新发现」给讲透了04:08 OKR、KPI......为什么目标无处不在？你是否也曾质疑过它有没有存在的意义？07:38 目标为什么有时候不管用？OpenAI 科学家的图片孵化实验，也许能给你答案13:18「没有人能够看清楚事物之间隐藏的相似性」可能是「越努力越吃力」的终极原因17:20✨ 闭上眼睛、发挥想象力，我们一起来试着在脑海中重构「创新的诞生经历了怎样的过程」 ✨23:22 为什么说「目标函数」无法保证我们朝着正确的方向前进？相信当你听完，孟岩说的，对照自己的行业经验，你也会有类似的体验28:03 假如你也意识到了「那些为了成功而设置的目标，反过来限制了我们」，下一步该做什么呢？28:44 获取尽可能多的信息——像「无尽的探索」里说过那样，积累关于世界的知识29:54 做方差大的事情——比战略推演更重要的是，离开已经探索过的地方，往前走31:54 本期精彩声波摘录，请往下滑一滑～38:16 如何克服对「随机性」的恐惧？42:05「允许奇迹发生，关键是要允许并不是我们最初期待的奇迹发生」51:09 孟岩如何理解名人们纷纷辍学追梦的操作？60:18 有知有行的过去也是未来奇迹的垫脚石：不再执着于最后的结果，将重心放在实践和改变上🔊 声波摘录💡 尝试不同的事情31:54《金钱心理学》的作者摩根·侯赛尔写到：很多人不知道什么样的消费能够让他们感到快乐。你应该买什么？去哪旅行？应该存多少钱？这些问题没有一个固定的标准答案，因为每个人都不同。人们往往按照社会的说法形式，比如说买最贵的东西，似乎它就代表了最快乐。但其实每个人都不一样。比如说，对于某些人来说，旅行是他们的选择；而对于其他人来说，离开家就让他们感到无法忍受。对于一些人来说，高级餐厅是他们的挚爱；而其他人则不在乎，比如便宜的披萨就非常好。一些人认为购买头等舱的机票几乎是一种骗局，那也有人认为飞行体验是无比重要的事情。你看，没有任何一个指南能够告诉你什么会快乐，你必须尝试无数不同的事情，才能够找出适合你自己的东西。熟悉我的朋友知道，我经常推荐一本有关网球的书，这本书叫做 The Inner Game of Tennis，中文名是《身心合一的奇迹力量》。在这本书里，作者建议我们可以突破一下对自己的定义和限制。比如说，如果我认为自己在场上是一个进攻型的球员，他说：你可以试一试，在一场比赛里面去专注于防守、不去进攻；如果你被大家认为防守很棒，不妨给自己一个机会，试试看全力进攻是什么样的感觉。他说的这些尝试，或者用我的话说，就是这些偏离均值的方差大的事情，可能会给你打开新的大门。创投机构 Andreessen Horowitz（A16Z）的重要成员之一，也是一个投资人，Chris Dixon*。他曾经写过一篇我很喜欢的文章叫做 Climbing the Wrong Hill（直译：攀爬错误的山）。在这篇文章里面，他把我们的职业选择比喻成计算机科学里面的一个经典问题，叫做爬山问题。如果条件允许的话，你依然可以闭上眼睛，我们想象一下，我们被随机放在一个有很多大大小小的山峰的山谷里，你最终的目标是到达这些山峰里面最高的那一座。好了，但是限制来了，因为雾气笼罩，你只能看到周围的几米的距离。假如我们从飞机上可能能够看到最高的那一座，对吧？你的目标是攀爬到那一座上面去，但是因为雾气笼罩，你只能看到周围几米的距离。你可以想想你该怎么办。Chris Dixon 告诉我们说，最简单的算法是，在任何给定的时刻都朝着你能够走得更高的方向去迈进一步。这个就是我们前面说的围绕着目标函数在做优化。我想，我说完这个你可能就明白了，朝着能够让我走得更高的那个方向去迈出一步。这就好像是一个看似正确的目标函数。但是，就像我们前面所说，这个函数具有很大的欺骗性，如果我们恰恰好是从一个较低的深丘开始，最终我们可能就会停在那个较低山丘的顶部，而没有机会去探索那个最高的山丘的顶部了，对不对？一个稍微修改一点的版本的算法是什么呢？是给你的过程增加一些随机性，比如说，你一开始有很多的随机性，可以往各个方向去溜达。然后，随着时间的推移，这些随机性的程度会减少，这样在你开始有目的非随机地攀爬之前，你有机会在较大的山的附近徘徊，对吗？好了，那一个更好的算法是什么呢？是增加方差。比如说，将自己反复随机地放置在地形的不同部分，方差越大越好，然后开始爬山，并且关键的是在很多次尝试之后，你可以停下来看看，结合到自己收集的所有的信息，看看究竟哪座山峰是最高的那座山峰。你看我刚才引用了很多我看过的书里面相关的例子，对吧？无论是花钱、职业选择，无论是网球，这些看起来都非常遥远，而且似乎毫不相干，但我从他们的文字里面读到了相同的东西。那就是让我们的生活多一些随机性，多一些方差大的方向。就像我在前面说的这些方差大的事情，其实也是我们在收集信息的过程，我们很容易把这些事情看作是对人生的浪费。但是，我特别想说的就是，也许我们可以给自己一个机会，让我们能够放下。就像我前面的那个比喻，如果我们把人生比喻成一个大房子的话，在这个大房子里面，我们不知道会发生什么，我们不知道哪些垫脚石会带来有趣的结果，我们不知道现在看起来直奔目标的这条路最终是不是死路，我们也无法知道那些看似浪费时间的事情，是不是在积累更多的信息。前一段我读了巴菲特的儿子彼得·巴菲特的一本书，这本书叫做 Life is What You Make It，他在书里说了这样的一句话：不是所有的游荡都意味着迷失。人生是旷野，不是所有的游荡都意味着迷失。🔗 找到万物之间的联系51:53 彼得·巴菲特在他的那本书里面，讲了这样的一个小故事，他当时非常想去非洲做慈善，同时又不愿意放弃自己音乐的事业，所以求助于自己的父亲，也就是沃伦·巴菲特。他的父亲告诉他说：孩子，你去吧，你只是现在还无法看到这两件事情之间的联系。长话短说，彼得后来去了非洲，也恰恰就是因为他在非洲的那些非常让他有冲动的经历，他创作出了一些非常棒的音乐，这些音乐又极大地改变了它后来的音乐事业。他在书里面回忆说：当我和父亲聊天的时候，我的父亲经常会毫无征兆地转向一些看起来毫不相关的问题。很多时候，这些转换都会令我困惑，但通常很长时间以后，你会发现这种切换完全符合逻辑。我的父亲只是找到了事物之间别人还没有察觉到的那些关联。也就是，如我们前面所说，巴菲特只是找到了事物特征之间隐藏的相似性。但我必须要说，这些积累是需要时间的，时间是非常珍贵的宝藏。就像 Chris Dixon 说的登山问题一样，你不能只随便攀爬过一两个山峰，就期待着看到所有事物之间隐藏的那些联系，或者说就能总结出一些什么样的规律。今年上半年，我还看过另外一本我很喜欢的书，雅诗兰黛的创始人的儿子，莱纳德·兰黛的自传《成为雅诗兰黛》。在书里面，其实他写到了在进入雅诗兰黛工作之前，在毕业之后，他其实有过很长一段时间的自我放逐。但正是在很长时间之后，当他回到了雅诗兰黛以后，他才能看到这些经历里面他学到的那些东西是怎么塑造了新的雅诗兰黛。比如说，大家都知道雅诗兰黛和其他的化妆品的品牌非常不一样的一点是，他们经常去收购，甚至打造出一个假想敌，比如说，倩碧。还有，雅诗兰黛会打造出自己的品牌矩阵。在自传里面，莱纳德说这样的想法其实得益于他在海军里面的经历，他在海军服役的时候，他发现航空母舰的周围必须有护卫舰或者其他各种各样的舰艇，它们一起组成一个巨阵，彼此保护，这样的话其实更加安全。他找到的是航空母舰的舰群与品牌矩阵之间隐藏的相似性，在漫长的时间积累之后，被莱纳德看到，他把它运用到了雅诗兰黛之中，也把雅诗兰黛打造成了一个和其他的化妆品公司都非常不一样的一个公司。另外一个我给朋友们经常举的例子是贺炜，贺炜是被誉为足球诗人，或者说解说诗人。在去年的卡塔尔世界杯上，他的很多解说广为流传，大家有兴趣的话可以去搜一搜，我觉得确实非常好。我已经不记得在哪儿看过一个贺炜的访谈，他说：他的解说风格往往跟自己在一段时间内的兴趣和热情有关。最近几年，他的兴趣在音乐上，他花了很多的时间听或者研究各种各样风格的音乐。所以，我们在他挥别德国队的解说里面听到了这样的一段话，我来念一下。他说：德国的球迷一直希望他们传统意义上的中锋能够存在，德国足球能够踢出像贝多芬的音乐一样强烈而激情的不朽咆哮，但是德国队没有做到这一点。连续两届世界杯，他们踢出来的像是瓦格纳的歌剧《尼伯隆根的指环》，人们想起了当中著名的乐章《诸神的黄昏》。你看这段解说里面其实都是跟贺炜在一段时间内的兴趣和他钻研的东西是有关的。所以，无论是汽车图片，无论是 iPhone、Tesla、雅诗兰黛，还是贺炜的解说，你会发现总有一些微妙的时刻，人类的能力会跨过一条无形的界限，就像跨过物理世界里面的那些冒险家们去推开新世界的大门一样，让那些令人振奋的新的可能性突然出现在了人们的眼前。即便是我刚才讲的贺炜用歌剧的方式去解说足球一样，可能之前没有人这么做过，但是当他做了之后，大家发现好棒，这种可能性来到了我们的面前。当然，只有那些非常敏锐、非常细心的人才能够注意到这些微妙的变化，他们才能够把这些所有的东西去组合到一起。因此，我才经常说，任何偶然的这种发现的背后，总是站着一个收集了各种各样信息的人。比如说贺炜，他收集了关于足球、关于音乐、关于其他的更多事物。同时，他需要心态开放、勇气巨大，他敢于把那些大家认为不存在的东西去摆到大家面前。当然，这个过程还需要时间，需要耐心，需要开放，需要勇气，同时某种程度上我觉得也需要放下一些执着。我想说的「放下执着」的意思就是，就像那个图片孵化器的网站一样，基于多样性、兴趣的这些探索注定是要失败的，但是，另外一些则可能带来非常有价值的发现，而整个系统都会同时从不同的路径和尝试中受益。有时候我经常会跟大家说：每个创业公司其实就是像在一个整个经济的环境中去试错一样，你从漫长的时间来看，这些凭着自己的热情、兴趣、特长去探索的创业公司，或者说每一个个体的试错都有可能是失败的，甚至 97% 以上的创业公司都会死掉。但是，整个经济系统会因为他们在向着不同的方向、朝着不同的目标去探索。整个经济会因为这样的方式而受益。你会发现，当所有的系统中的那些个体在试错的时候，那些看起来有趣或者说有前途的方法就会称为通向成功的垫脚石。当然，这个垫脚石可能未必是给自己的，大概率是给别人的，那其他人可能在这样的基础上去继续探索和发现。所以，你可能就明白我刚才说的那个放下执着是一个什么意思了。前两天，我看了一个视频，写着《生活大爆炸》里面的这样一句话：不是所有人都能获得世俗意义上的成功或者功成名就，大部分人注定需要在日常生活的点点滴滴中去寻找意义。所以，我觉得也许我们都需要允许我们是未来那些伟大发现和突破的垫脚石，同时我们也需要知道我们的过去也是我们自己未来奇迹的垫脚石。也许这期播客上线的时间会是 8月 8 号。8月 8 号是有知有行三周岁的生日。三年前在发布「有知有行」的那一天，我在公众号的那篇文章《你好，有知有行》，写下过这样的一段话：这是我当时写下的话。我现在回看，还是挺骄傲的。三年的时间，有知有行已经变成了我当时完全没有办法去想象的样子。我们经历了各种各样的事情，但我和我的伙伴的很多实践，无论是在过去五年的时间里，还是在有知有行过去三年的时间里，我们做出的很多，比如说，四笔钱、组合跟投、长钱账户，等等。这些实践都已经变成了行业的共识，也引领了很多行业的改变。我觉得我们追寻着自己的热情和兴趣，走出了我们自己的垫脚石。我也相信就是现在的这些垫脚石会成为未来的人们，不一定是有知有行，在这条道路上去做出更伟大发现的一些垫脚石。我差不多说了一个多小时，我觉得很开心，因为我把很多萦绕在我脑海中很久的话都说了出来，事实上就是在我坐在这里面录制这期播客的过程中，我的脑海中闪现了很多画面——初三的时候，我爸爸给我买了我人生中的第一台计算机，它也让我燃起了对计算机的兴趣。 2007 年的时候， A股有一轮巨大的牛市，我妈妈当时在工商银行工作，被摊派买了基金。这些偶然性促成了我和基金投资这个行业的缘分；当我关掉我的第一家公司之后，它反而能够让我去跟随我的兴趣。我在投资的路上走得更远，或者说钻研得更深。后来，无意间我注意到了「长赢」。我和E大之间的友情和合作，甚至某种程度上引领了中国的基金投顾行业的一些发展；在这个过程中，我喜欢写字，我喜欢去录下自己的所思所想，我也没有预期它变成了长达 5 年的投资实证以及「无人知晓」这个播客。这一路走来，我跟随着随机性，跟随着自己的热情和兴趣，发现了很多我根本没有想象到的宝藏。我也相信未来，我依然会去跟随这些偶然去进入到很多的未知之地。✏️ 写在第三季的最后69:40 在这个世界上，很多「高大上」的目标，往往需要一些不容易遇见的或者说非线性的过程才能够最终达到。我们不太可能预测所有可能性和结果，我们也不太可能预测到所有中间的路径，我们也不太可能预测到唯一的正确的那条路径，特别是我们也不太可能预测到对我们的目标产生关键影响的那些事件。我们的办公室里面的墙上有两句我们大家都非常认可的话，一句是 Make Things Happen，另一句是 Gradually, Then Suddenly。其实，我觉得他们都在说这样的事情，如果我们想要去做点卓越的事情，我们需要去做一些什么。我想，首先是可以允许我们自己放弃一些对未来的计划，敢于允许自己去做一些真正感兴趣的、方差大的事情，或者说我们从来没有去做过的事情；敢于允许自己去做一些给自己生活留白或者说留更多空间的事情。然后，保持开放，保持灵活，对新的信息（信号）保持敏感。当信号发生，或者说当我们看到事物之间隐藏的那些相似性的时候，我们能够根据这些我们看到的火花进行调整。当然，在这个过程中我觉得最重要的是时间。我们需要耐心，我们需要让时间去证明我们最终能够 connect the dots。你要相信在时间的流逝中，所有的这些东西都会慢慢积累。会有那么一天，我们最终可以连点成线，我们可以看到事物之间那些明显的联系。我们能够从巨大的房间里面找到那些关键信息，能够找到那关键的一跃。我觉得人生真的很有意思，我们刻意为之努力的很多目标最终都没法实现，但如果我们遵循自己的兴趣和热情的话，有时却能够发现意想不到的惊喜或者奇迹。在我看来，这也许就是人生最有魅力的地方之一。我们每个人都是别人的垫脚石，我们自己的过去，我们自己所有的选择，也将成为我们未来的垫脚石。我还想说我非常喜欢的那句话：人生是旷野，我们可以让奇迹发生，但也许需要的是放手，是允许，不是自己原本期待的那个奇迹最终发生。好了，这就是我今天想去说的所有的东西，也希望这些东西能够对你有一点点的启发。这也是「无人知晓」第三季的最后一期。我们下一季再见。💭"
1495,151 新钱配置比例有变化，这里有解读,叮咚叮咚，知行黑板报准时抵达，请查收。过往一周，我们在暴雨中迎来了A股、港股的一轮反弹，港股反弹力度比A股更大一些，毕竟港股之前被虐得更惨。上周的黑板报还介绍了一下政治局会议释放更为积极的宏观调控政策信号，目的是刺激经济复苏。市场短期的上涨表明，大家还是认同此次政策推出对经济、对市场是构成利好的。具体来看A股方面，过去一周，宽基指数呈现普涨行情。其中大盘指数表现好于中小盘指数，上证50、沪深300分别上涨 2.62%、2.12%，中证500上涨 1.37%，中证1000上涨 0.14%；价值指数好于成长指数，中证红利上涨 2.93%，创业板指上涨 1.41%。由于全市场整体上涨，全市场温度也出现了上涨，截止到本周二，最新的全市场温度是 39°。周一的时候，全市场温度到过 40°。这是等权视角计算的全市场温度，我们还计算了加权视角的全市场温度，最新数据是 35°。不论是等权视角还是加权视角来看，A股整体处于中低估的状态，不像去年的温度那么低，也没达到市场过热需要卖出的状态。说完全市场的情况，我们来看一下具体指数的情况。上图是具体指数的温度变化，跟上周二相比，除了全指医药，其他指数温度都出现了上涨。医药行业今年实惨，全指医药已经成为上述指数里今年表现最差的品种。上周黑板报我们介绍了相当多的资金在抄底医药相关的指数基金，这种行为从侧面说明了医药行业的大跌状态。其他指数里，中国互联网指数以及恒生科技指数过去一周表现最好，实际上，这两个指数从 5 月底至今，已经上涨了 20% 以上。作为丐帮子弟的一员，中概股指数在长钱账户目前已经是盈利的状态。具体我们下面会详细说一下。随着市场的反弹，我们看到，本周二长钱账户调整了「新钱买入配置比例」，具体变动如下图。如果你当下有一笔新的资金要买入，会按照最新的比例去配置。此次调整涉及几个方面：首先是降低了股票类资产的配置比例，从 65% 降低到 55%。这种变化很好理解，按照长钱账户过往的操作，会随着市场涨跌进行仓位的动态调整。市场上涨会降低新钱买入的股票仓位，当前股票类基金的配置比例是 55%，由于基金不满仓，穿透到底层资产上，股票仓位在 51% 左右。结合目前的市场位置，这个仓位水平属于进可攻退可守的状态。如果后续市场下跌，相信长钱账户会继续挑选性价比高的品种进行加仓的。将仓位降下来，留出一定的加仓空间，给具体品种的越跌越买、摊低成本提供机会。除了降低整体股票仓位之外，我们还看到，长钱账户调整了具体品种的配置结构。宽基指数里面，作为大盘指数的沪深300，长钱账户分配的比例有所提升。目前沪深300的比例和作为中小盘指数的中证500、中证1000的合计比例是差不多的。为什么会有如此调整呢？如果关注今年的黑板报文章和长钱账户的操作就能知道，今年宽基指数的发车机会主要给了沪深300，原因是随着沪深300这两年的回调，其性价比也越来越高。上面这张图显示了从 2018 年至今，沪深300相对于中证500的强弱变化。图中红色的虚线是 1，在虚线处就意味着沪深300和中证500的表现相当。我们能看到，从 2018 年年初开始，一直到 2021 年 2 月春节期间，中证500没有沪深300表现得好。这种表现并不意味着期间沪深300一直上涨，中证500一直下跌，而是二者之间的相对强弱。可能两个指数都上涨了，但沪深300涨得更多；或者两个指数都跌了，但沪深300跌得更少。2021 年春节是个分水岭：从那之后，沪深300一路回调，中证500相对于沪深300来说，开始变得强势起来。2021 年、2022 年、2023 年至今，中证500都战胜了沪深300。随着沪深300的不断调整，目前它和中证500的相对关系又回到了 1 的附近。正因如此，近期市场上关于大盘、小盘哪种风格未来会崛起的争论多了起来，很多基金经理也都发表了不同的看法。对于长钱账户而言，没有对未来的风格作出预测，它选择了沪深300、中证500指数均衡配置。如果未来某一类风格走弱，按照长钱账户的逻辑，就会逆势加仓该类风格的指数品种。除了宽基指数的结构进行了调整，我们还看到，行业主题指数的配置结构也进行了调整。以白酒等食品饮料行业为主的800消费指数不再进行配置。随着这次反弹，800消费不如其他指数的性价比高。除了800消费之外，全指医药、中证养老、全指信息、恒生科技的配置比例较为均衡，因为它们相关的医药、信息技术等行业目前整体处于估值较低的状态。长钱账户的一大特色是，不论如何调整新钱买入配置比例，如何发车加仓，都尽量保持投资风格的稳定性：以宽基指数为主，行业主题指数为辅；以大盘股为主，中小盘股为辅；价值股、成长股、平衡股均衡配置。这次调整完，我们来看一下，按照新钱买入配置比例，穿透到底层资产上，具体的配置情况。如上图所示，结合过往的长钱账户的情况，可以看到，长钱账户的投资风格是始终保持一致的。投资风格的一致性，可以有效约束大家的账户资产不会随着市场变化，发生过度漂移，让账户收益的业绩来源能更为一致。说完新钱买入配置比例的调整，我们来看一下已经持有长钱账户的用户，其资产变化情况。这次市场的小幅反弹之后，长钱账户的用户大多数都回本了。我们 App 上可以看到用户累计收益率分布，截止到 7 月 28 日，94% 的用户累计收益率 ≥0%。因为长钱账户投顾版是今年才进行推广的，相当多的用户是春节后或者 4 月份，市场行情还不错的时候进行了买入。现在回看，这两个时间段，算是今年以来的阶段高点。在那个时间阶段，万得全A的点位在 5200 点附近，长钱账户通过降低股票仓位，然后随着市场下跌慢慢加仓的操作，帮助大家在万得全A指数 5050 点附近就回本了。所以，听说很多人会选择回本就卖，你卖了吗？长钱账户已经尽力控制回撤了，如果这种浮亏程度你都很难承受的话，可能需要好好考虑一下，高波动的股票类投资是不是真的适合自己。最后，我们来看一下中概股的表现。我们完整复盘了长钱账户关于中概股的买入时点操作，会发现大家长钱账户里持有的中概股相关的指数基金，基本实现了盈利。如果对过往中国互联网或者恒生科技指数较为了解的话，就知道这个过程是多么的不容易。上面两张图展示了长钱账户示例账户从 2022 年 2 月 23 日建仓开始，买入「交银中证海外中国互联网」和「天弘恒生科技指数A」的情况。能明显看出来，长钱账户示例账户基本买到了这两只基金较低的位置区域，截止到目前是盈利的状态。由于长钱账户示例账户建仓的位置属于这两只基金较低的位置，不足以复盘整体的操作，我们来看一下跟长钱账户采用同样投资理念的「黑板报第 1 期」关于中国互联网基金的买入情况，具体见下图：「黑板报第 1 期」首次买入中国互联网基金是 2021 年 12 月 29 日，大家知道那个时候这只基金从高点下跌了多少吗？下跌了 60%。按照过往的经验，一个指数品种跌幅 60% 已经具备很高的性价比了。然而，市场的恐慌情绪仍旧阻挡不了其下跌的步伐，尽管「黑板报第 1 期」分批买入，但中国互联网跌到最惨的时候，比买入时又跌了 30% 以上。按照核心卫星的投资逻辑，中国互联网仅仅是卫星品种，即便它后来继续下跌，仍会控制其仓位，不能让它喧宾夺主成为重仓品种。好在买的整体位置很低，所以当它从底部位置反弹的时候，也会快速回本。用这个复盘的例子想跟大家说明，长钱账户对于指数品种的选择同样是有优先级的，对于行业主题指数基金这种卫星资产来说，我们在配置之前就要做好资金规划，做好承担更高风险的准备。不论是中国互联网（恒生科技），还是全指医药、全指信息、中证养老、800消费等。这种准备不只是资金层面的，还是心理层面的。这周碎碎念了很多，目的是希望趁着长钱账户有操作，让大家对它更加了解，我们下周见～本文所载内容仅供参考，不构成任何投资建议。市场有风险，投资需谨慎，投资者应独立作出判断。本文所涉基金及/或基金投顾组合相关数据来源于基金销售机构及/或基金投顾机构公开披露信息。有知有行提示您，基金及基金投顾组合的过往业绩不预示其未来表现，为其他客户创造的收益并不构成业绩表现的保证。详见《免责声明》。如转载引用，请遵守《转载声明》。
1497,一封由有知有行伙伴书写的三周年答卷,真正的时空穿梭也许无法实现，但思维层面的时间旅行是可能的。在有知有行三周岁之际，我们想用文字，和同路人一起，记录下此刻的有知有行。五年后、十年后、二十年后，当我们再次回看时，文字便会带我们回到当下。于是，我们在上周发起了「你问我来答」征集活动，邀请同路人们向有知有行提问。最终，我们选出了大家最为关心的 35 个问题，并邀请全体伙伴一起作答。与此同时，我们还做了一个可爱的小功能——知行时光机，你可以在有知有行 App 首页找到它，写下你的心愿，再将其封存。等到未来打开的那一天，也能回想起此刻的心情。欢迎大家来玩儿。以下是有知有行全体伙伴书写的周年答卷。感谢大家的支持与陪伴，期待我们明年继续一路同行。有知有行团队2023 年 8 月 8 日产品与活动工作日常关于孟岩团队伙伴产品与活动工作日常关于孟岩团队伙伴彩蛋时刻图片跳转不了的朋友们，可以点这里查看彩蛋 👉那些离开有知有行的伙伴们，过得怎么样?本文所载内容仅供参考，不构成任何投资建议。市场有风险，投资需谨慎，投资者应独立作出判断。详见《免责声明》。如转载引用，请遵守《转载声明》。
1500,152 医药持续下跌，它还值得投资吗？,叮咚叮咚，知行黑板报准时抵达，请查收。8 月 8 日是有知有行三周年的纪念日，很是开心。凑巧的是，这个纪念日跟周二写黑板报的日子完美重叠。怎么说呢，正在码字的我，听到隔壁同学们举行庆祝活动传来的欢声笑语，羡慕的同时，眼神更加坚定了（强行给自己加戏中）。先来看一下过去一周A股的表现，整体来说，先涨后跌，横盘震荡。宽基指数里，创业板指小幅上涨，其他多数出现了小幅下跌。其中沪深300下跌 0.46%，中证500下跌 0.54%，中证红利跌得稍微多一些，过去一周下跌了 1.66%。行业方面，多数行业指数出现下跌，行业之间的分化很明显。以券商为代表的非银行金融表现突出，传媒、计算机也涨得不错。下跌的行业指数里，钢铁、房地产、纺织服装、医药等行业跌幅居前。由于A股整体出现了回调，相比于上周二来说，本周二最新的全市场温度有所降低，只有 36°。具体指数温度方面，全指信息由于计算机板块的良好表现，过去一周出现了上涨，因此它成为唯一一个温度提升的指数品种。其他指数里，温度下跌最多的是哪个指数呢？想必关注市场的你会脱口而出，是的，是全指医药。全指医药上周二的温度是 18°，这周二已经跌到了 10°。今年医药持续下跌，8 月以来更是持续杀跌，它目前已经成为我们关注的指数品种里，除中证红利之外，温度最低的品种。最近医药的快速下跌，主要原因是国家卫健委联合多部门开展了全国医药领域腐败问题集中整治。其实，医药反腐不是最近才出现。因此， 7 月 21 日国家卫健委宣布这条消息的时候，市场反应相对平静。然而随着中纪委开始牵头部署反腐调查、各地方开始全力配合开展调查；刑法修正案草案里在行贿罪规定中增加了新条款，提出在教育医疗等领域行贿将从重处罚等消息出来后，市场意识到，这次跟过往不一样的是，国家把医药反腐的战略地位推向了更高处。因此，从 7 月 31 日开始，医药行业开始快速下跌，越是受到反腐影响的细分行业和个股，下跌幅度越大，例如化学制药、医疗器械、生物制品等。这种跌幅也从侧面证明，医药领域的腐败问题确实很严重。有人估计想问，这次事件对于医药行业的影响如何。讲真，医药是个复杂的行业，涉及的细分行业领域众多，每个细分行业的商业模式差异又很大。同时，医药行业的发展对于国家来说，又非常重要，关系民生问题，尤其是在人口老龄化的大背景下，适当的制度监管也是必不可少的。因此，相比于宽基指数对应的经济整体变化的分析，医药行业不论是分析研究，还是实际投资，难度都很大。所以，我们也能看到，长钱账户把它当作卫星资产，选择较低仓位配置。这次事件对于医药行业的具体影响，作为非医药行业研究员的我们来说，坦白来讲，很难得出什么深刻而全面的结论。我们也很难推断出医药公司盈利什么时候会见底，医药行业股票价格什么时候会见底。但我们可以从该事件中跳脱出来去思考：医药行业作为一整块蛋糕来看，医药反腐是如何在改变这个行业里各种参与者，分配蛋糕的比例。从逻辑来说，这种调整对于行业的长期发展来说是不是更为有利？打击腐败的好处不用多说。更长远来讲，我们需要思考的是，医药这块蛋糕是不是会越做越大？也就是说，医药长期从用户需求和企业成长空间来说，是不是个好行业？如果你想投资医药行业相关产品，这些问题你需要进行思考，而不是单纯的看它估值低，跌得多就选择抄底。上面这张图展示了申万医药生物指数里，包含的二级行业指数和三级行业指数。这展示了医药生物行业的主要细分行业。我们整理这张图，一方面有助于你回答上述问题，一方面也希望你知道，医药细分行业是多么的不同。为了更形象地说明医药细分行业的不同之处，我们在上图展示了过往 5 年，申万医药二级行业指数的走势图。虽说都归属于医药行业，但每个细分行业的表现差异很大：既有大涨大跌的医疗服务、医疗器械，也有波动较小的中药、医药商业。除此之外，我们还在图里标注了同期全指医药指数的走势，作为医药行业的宽基指数，它的表现介于细分行业指数之间，代表了该行业的平均表现。所以，如果你认可了医药的长期发展，觉得持续下跌后，医药变得性价比更高，可以进行买入的话，你还需要思考的是，买行业宽基指数基金还是细分行业指数基金？行业越是细分，投资难度越大。即便你选择细分的话，也需要了解你买入的是不是经历过大幅度调整的细分行业，来符合你追求性价比的逻辑。如果你买了中药，上面图片里灰色的那条线显示了中药走出了跟其他细分医药行业不一样的走势。中药行业的特立独行在上面这张图里表现得淋漓尽致。这张图括号里面显示的是该行业指数今年以来的涨跌幅，中药不但没有大幅度亏损，反而还是上涨的。如果回到 2020 年，医药指数上涨的时候，你肯定看不上中药的表现，然而谁又能想到风水轮流转呢。这再一次说明细分行业的投资难度。如果你不具备更强的投资能力，可以优先选择行业宽基指数，并做好仓位控制。如果有人想买投资医药的主动基金，该怎么办呢？首先需要明确，主动基金比指数基金的挑选难度要高很多。市场是有效的，想额外赚取超越市场平均表现的收益，就要承担一定的风险。如果你想承担的话，还需要分析基金经理是不是有能力在医药行业长期赚取超额收益，怎么判断有能力？怎么看长期有没有超额？那需要定期分析他们的持仓，跟踪他们的表现。这意味着，主动基金的挑选难度和持续投资难度会大很多。上面这张图展示了市场上有代表性的医药主动基金今年以来的业绩表现，图中加粗加黑的是同期全指医药指数基金的业绩表现。从图里能明显看出来，同为医药主动基金，今年以来的业绩分化非常明显，有些基金跌幅很大，严重跑输指数基金；有些则表现不错，比指数基金跌得少一些；甚至还有些是上涨的，获得了超越指数基金的超额收益。为什么会有这么大的分化？原因主要在于基金经理在医药细分行业和个股上面的布局不同。对于主动基金经理来说，他们在面临医药行业整体调整、细分行业分化明显时，需要作出他们的投资选择。持仓和选股的抉择，使得他们的表现差别很大。就拿红土创新医疗保健，如果只看今年的业绩表现，在同类产品中非常突出，大幅跑赢医药行业指数。为什么会这样？是因为这个基金经理从 2021 年年底就开始大幅度加仓中药板块。如果你翻看他今年的重仓股，全是中药。结合上面展示的细分行业指数今年以来的业绩表现，重仓中药的他，业绩亮眼就变得很合理。而对于业绩严重跑输指数基金的基金产品，你也可以翻看他们的持仓情况，会发现他们配置的个股和细分行业普遍在今年表现不佳。其中有些基金经理的投资操作非常迷惑，在中药崛起之前并没有配置多少仓位，随着一季度中药大涨后，他们选择加仓中药，却在二季度赶上了中药的回调。这种行为加剧了产品的下跌。有的时候不得不感慨，经历考验时，才更能看到一个人的投资水平。而这些不做持续观察，是很难看出来的。长钱账户里选择了「工银前沿医疗A」作为全指医药的默认基金，这只基金今年表现还可以，战胜了指数基金。我们也分析了基金经理的操作。她主要重仓了中药和化学制药，在行业选择上占据了相对优势。关于中药，她在去年底就将中药变成了第一重仓行业，因此完整了享受了这一波中药的上涨。总之，基金经理经受住了此次考验，展示了良好的选股能力。不过就像我们一直强调的，对于主动基金的持续跟踪是很重要的。过去和现在表现可以，不代表未来就可以。如果你嫌麻烦，买长钱账户就行了。长钱账户团队会持续保持跟踪的。最后我们来看一下长钱账户本周的操作。长钱账户在上周降低了新钱买入配置比例，本周我们看到，长钱账户没有做任何的操作，之前买入的用户，继续持有就好。对于医药来说，按照长钱账户过往的逻辑，如果其持续下跌，长钱账户也会慢慢进行加仓操作的，别着急，慢慢来。我们下周见。本文所载内容仅供参考，不构成任何投资建议。市场有风险，投资需谨慎，投资者应独立作出判断。本文所涉基金及/或基金投顾组合相关数据来源于基金销售机构及/或基金投顾机构公开披露信息。有知有行提示您，基金及基金投顾组合的过往业绩不预示其未来表现，为其他客户创造的收益并不构成业绩表现的保证。详见《免责声明》。如转载引用，请遵守《转载声明》。
